INSERT INTO AGENCIA (ENDERECO, NOME) VALUES ('RUA GENERAL AMERICANO FREIRE, 764', 'UNIT SAO PAULO');

INSERT INTO AGENCIA (ENDERECO, NOME) VALUES ('RUA SEM NOME, 123', 'UNIT PERNAMBUCO');

INSERT INTO AGENCIA (ENDERECO, NOME) VALUES ('RUA COM ALGUM NOME, 987', 'UNIT SERGIPE');

INSERT INTO AGENCIA (ENDERECO, NOME) VALUES ('RUA COM NENHUM NOME, 987', 'UNIT RIO GRANDE DO NORTE');



INSERT INTO DEPARTAMENTO VALUES ('00001', 'Marketing');

INSERT INTO DEPARTAMENTO VALUES ('00010', 'Recursos Humanos');

INSERT INTO DEPARTAMENTO VALUES ('00020', 'Infraestrutura');

INSERT INTO DEPARTAMENTO VALUES ('00042', 'TI');



INSERT INTO CLIENTE VALUES ('70185974475', 'CLARA MARINHO', 'RUA GENERAL AMERICANO FREIRE 764', '5581995071542');

INSERT INTO CLIENTE VALUES ('12345678900', 'TATIANA LIMONGI', 'RUA ALEATORIA DE ALGUEM 123', '081999999999');

INSERT INTO CLIENTE VALUES ('98765432199', 'MATHEUS FERNANDES', 'RUA DE ALGUMA PESSOA 987', '5574123456789');



INSERT INTO CONTA (SALDO, TIPO_CONTA, DATA_ABERTURA,CPF_CLI, NUM_AG) VALUES (20000, 'C', to_date('30-01-1998', 'dd-mm-yyyy'), '12345678900', '3');

INSERT INTO CONTA (SALDO, TIPO_CONTA, DATA_ABERTURA,CPF_CLI, NUM_AG) VALUES (20.57, 'P', to_date('10-12-2000', 'dd-mm-yyyy'), '70185974475', '1');

INSERT INTO CONTA (SALDO, TIPO_CONTA, DATA_ABERTURA,CPF_CLI, NUM_AG) VALUES (200000, 'P', to_date('27-12-2001', 'dd-mm-yyyy'), '98765432199', '2');

INSERT INTO CARTAO VALUES ('5585406676839930', TO_DATE('27-04-2025', 'DD-MM-YYYY'), 'D', '425', '70185974475');

INSERT INTO CARTAO VALUES ('4485652522694631', TO_DATE('27-12-2024', 'DD-MM-YYYY'), 'C', '517', '12345678900');

INSERT INTO CARTAO VALUES ('5121957949881654', TO_DATE('27-06-2024', 'DD-MM-YYYY'), 'D', '918', '98765432199');



-- TI
INSERT INTO FUNCIONARIO (CARGO, NOME, DATA_ADMISSAO, NUM_AG, COD_DPT) VALUES(
    'Gerente Regional', 'Elon Musk', to_date('11-01-2012', 'dd-mm-yyyy'), '0003', '00042');
INSERT INTO FUNCIONARIO (CARGO, NOME, DATA_ADMISSAO, NUM_AG, COD_DPT) VALUES(
    'Gerente', 'Bill Gates', to_date('11-01-2012', 'dd-mm-yyyy'), '0001', '00042');
INSERT INTO FUNCIONARIO (CARGO, NOME, DATA_ADMISSAO, NUM_AG, COD_DPT) VALUES(
    'Gerente', 'Mark Zuckerberg', to_date('11-01-2011', 'dd-mm-yyyy'), '0002', '00042');
INSERT INTO FUNCIONARIO (CARGO, NOME, DATA_ADMISSAO, NUM_AG, COD_DPT) VALUES(
    'Gerente', 'Jeff Bezos', to_date('11-01-2013', 'dd-mm-yyyy'), '0003', '00042');
INSERT INTO FUNCIONARIO (CARGO, NOME, DATA_ADMISSAO, NUM_AG, COD_DPT) VALUES(
    'Gerente', 'Sundar Pichai', to_date('11-01-2016', 'dd-mm-yyyy'), '0006', '00042');
INSERT INTO FUNCIONARIO (CARGO, NOME, DATA_ADMISSAO, NUM_AG, COD_DPT) VALUES(
    'Dev FrontEnd', 'Luke Skywalker', to_date('11-01-2012', 'dd-mm-yyyy'), '0003', '00042');
INSERT INTO FUNCIONARIO (CARGO, NOME, DATA_ADMISSAO, NUM_AG, COD_DPT) VALUES(
    'Dev BackEnd', 'Leia Skywalker', to_date('11-01-2012', 'dd-mm-yyyy'), '0003', '00042');
INSERT INTO FUNCIONARIO (CARGO, NOME, DATA_ADMISSAO, NUM_AG, COD_DPT) VALUES(
    'DBA', 'Anakin Skywalker', to_date('11-01-2012', 'dd-mm-yyyy'), '0003', '00042');
INSERT INTO FUNCIONARIO (CARGO, NOME, DATA_ADMISSAO, NUM_AG, COD_DPT) VALUES(
    'Devops', 'Obi Wan Kenobi', to_date('11-01-2012', 'dd-mm-yyyy'), '0003', '00042');

-- INFRA
INSERT INTO FUNCIONARIO (CARGO, NOME, DATA_ADMISSAO, NUM_AG, COD_DPT) VALUES(
    'Gerente Regional', 'Eduardo Saraiva', to_date('11-01-2012', 'dd-mm-yyyy'), '0003', '00020');
INSERT INTO FUNCIONARIO (CARGO, NOME, DATA_ADMISSAO, NUM_AG, COD_DPT) VALUES(
    'Gerente', 'Viviane Almeida', to_date('11-01-2012', 'dd-mm-yyyy'), '0001', '00020');
INSERT INTO FUNCIONARIO (CARGO, NOME, DATA_ADMISSAO, NUM_AG, COD_DPT) VALUES(
    'Gerente', 'Guilherme Lopes', to_date('11-01-2011', 'dd-mm-yyyy'), '0002', '00020');
INSERT INTO FUNCIONARIO (CARGO, NOME, DATA_ADMISSAO, NUM_AG, COD_DPT) VALUES(
    'Gerente', 'Christopher Nolan', to_date('11-01-2013', 'dd-mm-yyyy'), '0003', '00020');
INSERT INTO FUNCIONARIO (CARGO, NOME, DATA_ADMISSAO, NUM_AG, COD_DPT) VALUES(
    'Gerente', 'Andrzej Sapkowski', to_date('11-01-2016', 'dd-mm-yyyy'), '0006', '00020');

-- MKT
INSERT INTO FUNCIONARIO (CARGO, NOME, DATA_ADMISSAO, NUM_AG, COD_DPT) VALUES( 'Gerente', 'Ricardo da Silva', to_date('11-01-2001', 'dd-mm-yyyy'), '0001', '00001');
INSERT INTO FUNCIONARIO (CARGO, NOME, DATA_ADMISSAO, NUM_AG, COD_DPT) VALUES( 'Designer', 'Tiquinho Soares', to_date('11-01-2020', 'dd-mm-yyyy'), '0001', '00001');
INSERT INTO FUNCIONARIO (CARGO, NOME, DATA_ADMISSAO, NUM_AG, COD_DPT) VALUES( 'Gerente', 'Guilhermina F de S F Salgado', to_date('11-01-2002', 'dd-mm-yyyy'), '0002', '00001');
INSERT INTO FUNCIONARIO (CARGO, NOME, DATA_ADMISSAO, NUM_AG, COD_DPT) VALUES( 'Designer', 'Bojack Horseman', to_date('11-01-2022', 'dd-mm-yyyy'), '0002', '00001');
INSERT INTO FUNCIONARIO (CARGO, NOME, DATA_ADMISSAO, NUM_AG, COD_DPT) VALUES( 'Gerente', 'Martha Silva', to_date('11-01-2003', 'dd-mm-yyyy'), '0003', '00001');
INSERT INTO FUNCIONARIO (CARGO, NOME, DATA_ADMISSAO, NUM_AG, COD_DPT) VALUES( 'Designer', 'Mr. Peanutbutter', to_date('11-01-2023', 'dd-mm-yyyy'), '0003', '00001');

-- RH
INSERT INTO FUNCIONARIO (CARGO, NOME, DATA_ADMISSAO, NUM_AG, COD_DPT) VALUES(
    'Gerente', 'Lucila Prado', to_date('11-01-1980', 'dd-mm-yyyy'), '0001', '00010');
INSERT INTO FUNCIONARIO (CARGO, NOME, DATA_ADMISSAO, NUM_AG, COD_DPT) VALUES(
    'Psicóloga', 'Amanda Marinho', to_date('11-01-2005', 'dd-mm-yyyy'), '0001', '00010');
INSERT INTO FUNCIONARIO (CARGO, NOME, DATA_ADMISSAO, NUM_AG, COD_DPT) VALUES(
    'Gerente', 'Lisa Simpson', to_date('11-01-2010', 'dd-mm-yyyy'), '0003', '00010');
INSERT INTO FUNCIONARIO (CARGO, NOME, DATA_ADMISSAO, NUM_AG, COD_DPT) VALUES(
    'Psicologo', 'Gilvan Mendes', to_date('11-01-2002', 'dd-mm-yyyy'), '0003', '00010');
INSERT INTO FUNCIONARIO (CARGO, NOME, DATA_ADMISSAO, NUM_AG, COD_DPT) VALUES(
    'Gerente', 'Bart Simpson', to_date('11-01-2015', 'dd-mm-yyyy'), '0002', '00010');
INSERT INTO FUNCIONARIO (CARGO, NOME, DATA_ADMISSAO, NUM_AG, COD_DPT) VALUES(
    'Gerente', 'Clarice Lispector', to_date('11-01-2016', 'dd-mm-yyyy'), '0006', '00010');



INSERT INTO TRANSACAO (VALOR, TIPO,  DATA_TRANS, NUM_CONTA) VALUES (4.00, 'S',CURRENT_TIMESTAMP, '100000');

INSERT INTO TRANSACAO (VALOR, TIPO,  DATA_TRANS, NUM_CONTA) VALUES (3.00, 'S',CURRENT_TIMESTAMP, '100001');

INSERT INTO TRANSACAO (VALOR, TIPO,  DATA_TRANS, NUM_CONTA) VALUES (2.00, 'D',CURRENT_TIMESTAMP, '100002');

INSERT INTO TRANSACAO (VALOR, TIPO,  DATA_TRANS, NUM_CONTA) VALUES (5.00, 'D',CURRENT_TIMESTAMP, '100002');
